Bin	Sequences	Proportion	Patterns	Percent Full
truncated_left	9976.5	0.99765	250	99.98997644464491%
other	23.5	0.00235	24	0.0%
Totals	10000.0	1.0	274


Subclassification	Sequences	Proportion of Sample	Tile Patterns	Proportion with a Full Payload
truncated_left	9976.5	0.99765	250	0.9998997644464491
Subclassification	Sequence Count	Repeats	Proportion of truncated_left	Linearity	Contains Irregular ITRs	Contains PolyX	Contains a Full Payload	Tokenized	Tile Pattern
truncated_left	4169.0	0	0.41788202275347064	forward_linear	False	False	True	P I	Payload[1-2865](+) ITR-FLIP[21-165](-)
truncated_left	4072.0	0	0.40815917405903873	forward_linear	True	False	True	P I	Payload[1-2865](+) ITR-FLIP[21-165](-) ITR-FLIP[21-165](-)
truncated_left	209.0	0	0.020949230692126498	forward_linear	False	False	True	P I	Payload[1-2865](+) ITR-FLIP[21-165](-)
truncated_left	183.0	0	0.01834310629980454	forward_linear	True	False	True	P I	Payload[1-2865](+) ITR-FLIP[21-165](-) ITR-FLIP[21-165](-)
truncated_left	102.0	0	0.010224026462186137	forward_linear	False	False	True	P I	Payload[1-2865](+) ITR-FLIP[21-165](-)
truncated_left	102.0	0	0.010224026462186137	reverse_linear	False	False	True	P I	Payload[1-2864](-) ITR-FLIP[22-165](+)
truncated_left	98.5	0	0.009873202024758181	forward_linear	True	False	True	P I	Payload[1-2865](+) ITR-FLIP[21-165](-) ITR-FLIP[21-165](-)
truncated_left	98.5	0	0.009873202024758181	reverse_linear	True	False	True	P I	Payload[1-2864](-) ITR-FLIP[22-165](+) ITR-FLIP[21-165](+)
truncated_left	94.0	0	0.009422142033779382	forward_linear	True	False	True	P I	Payload[4-2865](+) ITR-FLIP[21-165](-) ITR-FLIP[21-165](-)
truncated_left	93.0	0	0.009321906480228537	forward_linear	False	False	True	P I	Payload[5-2865](+) ITR-FLIP[21-165](-)
truncated_left	87.0	0	0.008720493158923471	forward_linear	True	False	True	P I	Payload[5-2865](+) ITR-FLIP[21-165](-) ITR-FLIP[21-165](-)
truncated_left	87.0	0	0.008720493158923471	forward_linear	False	False	True	P I	Payload[4-2865](+) ITR-FLIP[21-165](-)
truncated_left	31.0	0	0.003107302160076179	forward_linear	False	False	True	P I	Payload[1-2865](+) ITR-FLIP[23-165](-)
truncated_left	26.0	0	0.0026061243923219566	forward_linear	False	False	True	P I	Payload[1-2865](+) ITR-FLIP[21-163](-)
truncated_left	21.0	0	0.0021049466245677342	forward_linear	False	False	True	P I	Payload[1-2865](+) ITR-FLIP[22-165](-)
truncated_left	20.0	0	0.0020047110710168896	forward_linear	False	False	True	P I	Payload[1-2865](+) ITR-FLIP[21-162](-)
truncated_left	19.0	0	0.0019044755174660451	forward_linear	False	False	True	P I	Payload[1-2865](+) ITR-FLIP[24-165](-)
truncated_left	19.0	0	0.0019044755174660451	forward_linear	True	False	True	P I	Payload[1-2865](+) ITR-FLIP[21-164](-) ITR-FLIP[21-165](-)
truncated_left	18.0	0	0.0018042399639152007	forward_linear	True	False	True	P I	Payload[1-2865](+) ITR-FLIP[21-165](-) ITR-FLIP[21-163](-)
truncated_left	17.0	0	0.0017040044103643563	forward_linear	True	False	True	P I	Payload[1-2865](+) ITR-FLIP[23-165](-) ITR-FLIP[21-165](-)
truncated_left	15.0	0	0.0015035333032626672	forward_linear	False	False	True	P I	Payload[2-2865](+) ITR-FLIP[21-165](-)
truncated_left	15.0	0	0.0015035333032626672	forward_linear	False	False	True	P I	Payload[1-2865](+) ITR-FLIP[21-161](-)
truncated_left	14.0	0	0.0014032977497118228	forward_linear	True	False	True	P I	Payload[1-2865](+) ITR-FLIP[21-165](-) ITR-FLIP[24-165](-)
truncated_left	14.0	0	0.0014032977497118228	forward_linear	True	False	True	P I	Payload[1-2865](+) ITR-FLIP[21-165](-) ITR-FLIP[22-165](-)
truncated_left	14.0	0	0.0014032977497118228	forward_linear	True	False	True	P I	Payload[1-2865](+) ITR-FLIP[21-165](-) ITR-FLIP[21-161](-)
truncated_left	14.0	0	0.0014032977497118228	forward_linear	True	False	True	P I	Payload[1-2865](+) ITR-FLIP[21-163](-) ITR-FLIP[21-165](-)
truncated_left	14.0	0	0.0014032977497118228	forward_linear	True	False	True	P I	Payload[1-2865](+) ITR-FLIP[21-161](-) ITR-FLIP[21-165](-)
truncated_left	13.0	0	0.0013030621961609783	forward_linear	True	False	True	P I	Payload[1-2865](+) ITR-FLIP[21-165](-) ITR-FLIP[23-165](-)
truncated_left	13.0	0	0.0013030621961609783	forward_linear	True	False	True	P I	Payload[1-2865](+) ITR-FLIP[21-165](-) ITR-FLIP[21-162](-)
truncated_left	13.0	0	0.0013030621961609783	forward_linear	False	False	True	P I	Payload[1-2865](+) ITR-FLIP[21-164](-)
truncated_left	12.0	0	0.0012028266426101339	forward_linear	True	False	True	P I	Payload[1-2865](+) ITR-FLIP[21-162](-) ITR-FLIP[21-165](-)
truncated_left	11.0	0	0.0011025910890592892	forward_linear	True	False	True	P I	Payload[1-2865](+) ITR-FLIP[21-165](-) ITR-FLIP[21-164](-)
truncated_left	9.0	0	0.0009021199819576004	forward_linear	True	False	True	P I	Payload[2-2865](+) ITR-FLIP[21-165](-) ITR-FLIP[21-165](-)
truncated_left	5.5	0	0.0005512955445296446	forward_linear	False	False	True	P I	Payload[4-2865](+) ITR-FLIP[21-165](-)
truncated_left	5.5	0	0.0005512955445296446	forward_linear	False	False	True	P I	Payload[1-2865](+) ITR-FLIP[21-165](-)
truncated_left	5.0	0	0.0005011777677542224	forward_linear	True	False	True	P I	Payload[1-2865](+) ITR-FLIP[21-165](-) ITR-FLIP[21-165](-)
truncated_left	5.0	0	0.0005011777677542224	forward_linear	True	False	True	P I	Payload[1-2865](+) ITR-FLIP[21-165](-) ITR-FLIP[20-165](-)
truncated_left	3.5	0	0.0003508244374279557	forward_linear	False	False	True	P I	Payload[5-2865](+) ITR-FLIP[21-165](-)
truncated_left	3.5	0	0.0003508244374279557	forward_linear	False	False	True	P I	Payload[1-2865](+) ITR-FLIP[21-165](-)
truncated_left	3.5	0	0.0003508244374279557	reverse_linear	False	False	True	P I	Payload[5-2864](-) ITR-FLIP[22-165](+)
truncated_left	3.5	0	0.0003508244374279557	forward_linear	False	False	True	P I	Payload[1-2865](+) ITR-FLIP[21-165](-)
truncated_left	3.5	0	0.0003508244374279557	forward_linear	True	False	True	P I	Payload[1-2865](+) ITR-FLIP[21-165](-) ITR-FLIP[21-165](-)
truncated_left	3.5	0	0.0003508244374279557	forward_linear	True	False	True	P I	Payload[1-2865](+) ITR-FLIP[20-165](-) ITR-FLIP[21-165](-)
truncated_left	3.5	0	0.0003508244374279557	forward_linear	False	False	True	P I	Payload[1-2865](+) ITR-FLIP[21-165](-)
truncated_left	3.5	0	0.0003508244374279557	forward_linear	False	False	True	P I	Payload[1-2865](+) ITR-FLIP[19-165](-)
truncated_left	3.0	0	0.00030070666065253347	forward_linear	True	False	True	P I	Payload[4-2865](+) ITR-FLIP[23-165](-) ITR-FLIP[21-165](-)
truncated_left	3.0	0	0.00030070666065253347	forward_linear	True	False	True	P I	Payload[5-2865](+) ITR-FLIP[21-165](-) ITR-FLIP[21-165](-)
truncated_left	3.0	0	0.00030070666065253347	forward_linear	True	False	True	P I	Payload[1-2865](+) ITR-FLIP[21-165](-) ITR-FLIP[21-165](-)
truncated_left	3.0	0	0.00030070666065253347	reverse_linear	True	False	True	P I	Payload[5-2864](-) ITR-FLIP[22-165](+) ITR-FLIP[21-165](+)
truncated_left	3.0	0	0.00030070666065253347	forward_linear	True	False	True	P I	Payload[1-2865](+) ITR-FLIP[21-165](-) ITR-FLIP[21-165](-)
truncated_left	3.0	0	0.00030070666065253347	forward_linear	False	False	True	P I	Payload[1-2865](+) ITR-FLIP[21-165](-)
truncated_left	3.0	0	0.00030070666065253347	forward_linear	False	False	True	P I	Payload[1-2865](+) ITR-FLIP[20-165](-)
truncated_left	2.5	0	0.0002505888838771112	forward_linear	True	False	True	P I	Payload[1-2865](+) ITR-FLIP[21-165](-) ITR-FLIP[23-165](-)
truncated_left	2.5	0	0.0002505888838771112	forward_linear	True	False	True	P I	Payload[1-2865](+) ITR-FLIP[21-165](-) ITR-FLIP[21-165](-)
truncated_left	2.5	0	0.0002505888838771112	forward_linear	True	False	True	P I	Payload[1-2865](+) ITR-FLIP[21-165](-) ITR-FLIP[21-165](-)
truncated_left	2.5	0	0.0002505888838771112	forward_linear	True	False	True	P I	Payload[1-2865](+) ITR-FLIP[21-165](-) ITR-FLIP[21-163](-)
truncated_left	2.0	0	0.00020047110710168898	forward_linear	True	False	True	P I	Payload[5-2865](+) ITR-FLIP[21-164](-) ITR-FLIP[21-165](-)
truncated_left	2.0	0	0.00020047110710168898	forward_linear	False	False	True	P I	Payload[2-2865](+) ITR-FLIP[21-161](-)
truncated_left	2.0	0	0.00020047110710168898	forward_linear	False	False	True	P I	Payload[1-2865](+) ITR-FLIP[25-165](-)
truncated_left	2.0	0	0.00020047110710168898	forward_linear	True	False	True	P I	Payload[1-2865](+) ITR-FLIP[22-165](-) ITR-FLIP[21-165](-)
truncated_left	2.0	0	0.00020047110710168898	forward_linear	True	False	True	P I	Payload[1-2865](+) ITR-FLIP[21-165](-) ITR-FLIP[25-165](-)
truncated_left	2.0	0	0.00020047110710168898	forward_linear	True	False	True	P I	Payload[1-2865](+) ITR-FLIP[21-165](-) ITR-FLIP[21-165](-)
truncated_left	2.0	0	0.00020047110710168898	forward_linear	True	False	True	P I	Payload[1-2865](+) ITR-FLIP[21-165](-) ITR-FLIP[18-165](-)
truncated_left	2.0	0	0.00020047110710168898	forward_linear	False	False	True	P I	Payload[4-2865](+) ITR-FLIP[21-165](-)
truncated_left	2.0	0	0.00020047110710168898	reverse_linear	False	False	True	P I	Payload[1-2864](-) ITR-FLIP[22-165](+)
truncated_left	2.0	0	0.00020047110710168898	forward_linear	True	False	True	P I	Payload[5-2865](+) ITR-FLIP[21-165](-) ITR-FLIP[21-165](-)
truncated_left	2.0	0	0.00020047110710168898	reverse_linear	True	False	True	P I	Payload[1-2864](-) ITR-FLIP[22-165](+) ITR-FLIP[21-165](+)
truncated_left	2.0	0	0.00020047110710168898	forward_linear	True	False	True	P I	Payload[4-2865](+) ITR-FLIP[21-165](-) ITR-FLIP[21-165](-)
truncated_left	2.0	0	0.00020047110710168898	reverse_linear	True	False	True	P I	Payload[1-2864](-) ITR-FLIP[22-165](+) ITR-FLIP[21-165](+)
truncated_left	1.5	0	0.00015035333032626674	reverse_linear	True	False	True	P I	Payload[4-2864](-) ITR-FLIP[22-165](+) ITR-FLIP[21-165](+)
truncated_left	1.5	0	0.00015035333032626674	forward_linear	True	False	True	P I	Payload[1-2865](+) ITR-FLIP[21-165](-) ITR-FLIP[21-165](-)
truncated_left	1.5	0	0.00015035333032626674	forward_linear	True	False	True	P I	Payload[1-2865](+) ITR-FLIP[21-165](-) ITR-FLIP[21-165](-)
truncated_left	1.5	0	0.00015035333032626674	forward_linear	True	False	True	P I	Payload[1-2865](+) ITR-FLIP[21-165](-) ITR-FLIP[21-161](-)
truncated_left	1.5	0	0.00015035333032626674	forward_linear	True	False	True	P I	Payload[1-2865](+) ITR-FLIP[21-165](-) ITR-FLIP[21-165](-)
truncated_left	1.5	0	0.00015035333032626674	forward_linear	True	False	True	P I	Payload[1-2865](+) ITR-FLIP[21-163](-) ITR-FLIP[21-165](-)
truncated_left	1.5	0	0.00015035333032626674	forward_linear	False	False	True	P I	Payload[2-2865](+) ITR-FLIP[21-165](-)
truncated_left	1.5	0	0.00015035333032626674	reverse_linear	False	False	True	P I	Payload[1-2864](-) ITR-FLIP[22-165](+)
truncated_left	1.5	0	0.00015035333032626674	forward_linear	True	False	True	P I	Payload[1-2865](+) ITR-FLIP[21-165](-) ITR-FLIP[21-163](-)
truncated_left	1.5	0	0.00015035333032626674	reverse_linear	True	False	True	P I	Payload[1-2864](-) ITR-FLIP[22-165](+) ITR-FLIP[21-165](+)
truncated_left	1.0	0	0.00010023555355084449	forward_linear	False	False	True	P I	Payload[5-2865](+) ITR-FLIP[23-165](-)
truncated_left	1.0	0	0.00010023555355084449	forward_linear	False	False	True	P I	Payload[4-2865](+) ITR-FLIP[24-165](-)
truncated_left	1.0	0	0.00010023555355084449	forward_linear	False	False	True	P I	Payload[4-2865](+) ITR-FLIP[22-165](-)
truncated_left	1.0	0	0.00010023555355084449	forward_linear	True	False	True	P I	Payload[4-2865](+) ITR-FLIP[21-165](-) ITR-FLIP[24-165](-)
truncated_left	1.0	0	0.00010023555355084449	forward_linear	True	False	True	P I	Payload[4-2865](+) ITR-FLIP[21-165](-) ITR-FLIP[23-165](-)
truncated_left	1.0	0	0.00010023555355084449	forward_linear	True	False	True	P I	Payload[4-2865](+) ITR-FLIP[21-165](-) ITR-FLIP[22-162](-)
truncated_left	1.0	0	0.00010023555355084449	forward_linear	True	False	True	P I	Payload[4-2865](+) ITR-FLIP[21-165](-) ITR-FLIP[21-161](-)
truncated_left	1.0	0	0.00010023555355084449	forward_linear	False	False	True	P I	Payload[4-2865](+) ITR-FLIP[21-163](-)
truncated_left	1.0	0	0.00010023555355084449	forward_linear	True	False	True	P I	Payload[4-2865](+) ITR-FLIP[21-161](-) ITR-FLIP[21-165](-)
truncated_left	1.0	0	0.00010023555355084449	forward_linear	False	False	True	P I	Payload[2-2865](+) ITR-FLIP[23-165](-)
truncated_left	1.0	0	0.00010023555355084449	forward_linear	True	False	True	P I	Payload[2-2865](+) ITR-FLIP[21-165](-) ITR-FLIP[21-163](-)
truncated_left	1.0	0	0.00010023555355084449	forward_linear	True	True	True	P I	Payload[1-2865](+) ITR-FLIP[71-165](-) polyT[86-None](+) ITR-FLIP[21-73](-) ITR-FLIP[21-164](-)
truncated_left	1.0	0	0.00010023555355084449	forward_linear	True	False	True	P I	Payload[1-2865](+) ITR-FLIP[25-165](-) ITR-FLIP[21-165](-)
truncated_left	1.0	0	0.00010023555355084449	forward_linear	True	False	True	P I	Payload[1-2865](+) ITR-FLIP[23-165](-) ITR-FLIP[22-165](-)
truncated_left	1.0	0	0.00010023555355084449	forward_linear	True	False	True	P I	Payload[1-2865](+) ITR-FLIP[21-165](-) ITR-FLIP[23-161](-)
truncated_left	1.0	0	0.00010023555355084449	forward_linear	True	False	True	P I	Payload[1-2865](+) ITR-FLIP[21-165](-) ITR-FLIP[21-159](-)
truncated_left	1.0	0	0.00010023555355084449	forward_linear	True	False	True	P I	Payload[1-2865](+) ITR-FLIP[21-161](-) ITR-FLIP[21-162](-)
truncated_left	1.0	0	0.00010023555355084449	forward_linear	True	False	True	P I	Payload[1-2865](+) ITR-FLIP[21-160](-) ITR-FLIP[21-165](-)
truncated_left	1.0	0	0.00010023555355084449	forward_linear	False	False	True	P I	Payload[1-2865](+) ITR-FLIP[21-160](-)
truncated_left	1.0	0	0.00010023555355084449	forward_linear	True	True	True	P I	Payload[1-2865](+) ITR-FLIP[142-165](-) polyG[116-None](+) ITR-FLIP[21-143](-) ITR-FLIP[21-165](-)
truncated_left	1.0	0	0.00010023555355084449	forward_linear	False	False	True	P I	Payload[1-2864](+) ITR-FLIP[21-164](-)
truncated_left	1.0	0	0.00010023555355084449	forward_linear	False	False	False	P I	Payload[1-1358](+) ITR-FLIP[21-88](-)
truncated_left	1.0	0	0.00010023555355084449	reverse_linear	False	False	True	P I	Payload[4-2864](-) ITR-FLIP[22-165](+)
truncated_left	1.0	0	0.00010023555355084449	forward_linear	False	False	True	P I	Payload[1-2865](+) ITR-FLIP[21-165](-)
truncated_left	1.0	0	0.00010023555355084449	forward_linear	False	False	True	P I	Payload[1-2865](+) ITR-FLIP[24-165](-)
truncated_left	1.0	0	0.00010023555355084449	forward_linear	False	False	True	P I	Payload[1-2865](+) ITR-FLIP[21-165](-)
truncated_left	1.0	0	0.00010023555355084449	forward_linear	True	False	True	P I	Payload[4-2865](+) ITR-FLIP[21-165](-) ITR-FLIP[21-165](-)
truncated_left	1.0	0	0.00010023555355084449	forward_linear	True	False	True	P I	Payload[1-2865](+) ITR-FLIP[21-165](-) ITR-FLIP[21-165](-)
truncated_left	1.0	0	0.00010023555355084449	forward_linear	True	False	True	P I	Payload[2-2865](+) ITR-FLIP[21-165](-) ITR-FLIP[21-165](-)
truncated_left	1.0	0	0.00010023555355084449	forward_linear	True	False	True	P I	Payload[1-2865](+) ITR-FLIP[21-165](-) ITR-FLIP[21-165](-)
truncated_left	1.0	0	0.00010023555355084449	forward_linear	True	False	True	P I	Payload[1-2865](+) ITR-FLIP[21-165](-) ITR-FLIP[21-165](-)
truncated_left	1.0	0	0.00010023555355084449	forward_linear	True	False	True	P I	Payload[1-2865](+) ITR-FLIP[21-165](-) ITR-FLIP[21-162](-)
truncated_left	1.0	0	0.00010023555355084449	forward_linear	False	False	True	P I	Payload[4-2865](+) ITR-FLIP[21-165](-)
truncated_left	1.0	0	0.00010023555355084449	forward_linear	False	False	True	P I	Payload[1-2865](+) ITR-FLIP[21-162](-)
truncated_left	1.0	0	0.00010023555355084449	forward_linear	True	False	True	P I	Payload[1-2865](+) ITR-FLIP[21-165](-) ITR-FLIP[21-165](-)
truncated_left	1.0	0	0.00010023555355084449	forward_linear	True	False	True	P I	Payload[1-2865](+) ITR-FLIP[19-165](-) ITR-FLIP[21-165](-)
truncated_left	1.0	0	0.00010023555355084449	forward_linear	False	False	True	P I	Payload[1-2865](+) ITR-FLIP[21-165](-)
truncated_left	1.0	0	0.00010023555355084449	forward_linear	False	False	True	P I	Payload[1-2865](+) ITR-FLIP[18-165](-)
truncated_left	1.0	0	0.00010023555355084449	forward_linear	True	False	True	P I	Payload[1-2865](+) ITR-FLIP[21-165](-) ITR-FLIP[21-165](-)
truncated_left	1.0	0	0.00010023555355084449	forward_linear	True	False	True	P I	Payload[1-2865](+) ITR-FLIP[18-165](-) ITR-FLIP[21-165](-)
truncated_left	1.0	0	0.00010023555355084449	forward_linear	True	False	True	P I	Payload[1-2865](+) ITR-FLIP[21-165](-) ITR-FLIP[21-165](-)
truncated_left	1.0	0	0.00010023555355084449	forward_linear	True	False	True	P I	Payload[1-2865](+) ITR-FLIP[15-165](-) ITR-FLIP[21-165](-)
truncated_left	1.0	0	0.00010023555355084449	forward_linear	False	False	True	P I	Payload[5-2865](+) ITR-FLIP[21-165](-)
truncated_left	1.0	0	0.00010023555355084449	reverse_linear	False	False	True	P I	Payload[1-2864](-) ITR-FLIP[22-165](+)
truncated_left	1.0	0	0.00010023555355084449	forward_linear	False	False	True	P I	Payload[1-2865](+) ITR-FLIP[24-165](-)
truncated_left	1.0	0	0.00010023555355084449	reverse_linear	False	False	True	P I	Payload[1-2864](-) ITR-FLIP[22-165](+)
truncated_left	1.0	0	0.00010023555355084449	forward_linear	False	False	True	P I	Payload[1-2865](+) ITR-FLIP[23-165](-)
truncated_left	1.0	0	0.00010023555355084449	reverse_linear	False	False	True	P I	Payload[1-2864](-) ITR-FLIP[22-165](+)
truncated_left	1.0	0	0.00010023555355084449	forward_linear	False	False	True	P I	Payload[1-2865](+) ITR-FLIP[22-165](-)
truncated_left	1.0	0	0.00010023555355084449	reverse_linear	False	False	True	P I	Payload[1-2864](-) ITR-FLIP[22-165](+)
truncated_left	1.0	0	0.00010023555355084449	forward_linear	False	False	True	P I	Payload[1-2865](+) ITR-FLIP[21-163](-)
truncated_left	1.0	0	0.00010023555355084449	reverse_linear	False	False	True	P I	Payload[1-2864](-) ITR-FLIP[22-165](+)
truncated_left	1.0	0	0.00010023555355084449	forward_linear	False	False	True	P I	Payload[1-2865](+) ITR-FLIP[21-162](-)
truncated_left	1.0	0	0.00010023555355084449	reverse_linear	False	False	True	P I	Payload[1-2864](-) ITR-FLIP[22-165](+)
truncated_left	1.0	0	0.00010023555355084449	forward_linear	True	False	True	P I	Payload[2-2865](+) ITR-FLIP[21-165](-) ITR-FLIP[21-165](-)
truncated_left	1.0	0	0.00010023555355084449	reverse_linear	True	False	True	P I	Payload[1-2864](-) ITR-FLIP[22-165](+) ITR-FLIP[21-165](+)
truncated_left	1.0	0	0.00010023555355084449	forward_linear	True	False	True	P I	Payload[1-2865](+) ITR-FLIP[21-165](-) ITR-FLIP[24-165](-)
truncated_left	1.0	0	0.00010023555355084449	reverse_linear	True	False	True	P I	Payload[1-2864](-) ITR-FLIP[22-165](+) ITR-FLIP[21-165](+)
truncated_left	1.0	0	0.00010023555355084449	forward_linear	True	False	True	P I	Payload[1-2865](+) ITR-FLIP[21-165](-) ITR-FLIP[21-165](-)
truncated_left	1.0	0	0.00010023555355084449	reverse_linear	True	False	True	P I	Payload[1-2864](-) ITR-FLIP[22-165](+) ITR-FLIP[21-161](+)
truncated_left	1.0	0	0.00010023555355084449	forward_linear	False	False	True	P I	Payload[1-2865](+) ITR-FLIP[21-165](-)
truncated_left	1.0	0	0.00010023555355084449	reverse_linear	False	False	True	P I	Payload[1-2864](-) ITR-FLIP[22-164](+)
truncated_left	1.0	0	0.00010023555355084449	forward_linear	True	False	True	P I	Payload[1-2865](+) ITR-FLIP[21-165](-) ITR-FLIP[21-165](-)
truncated_left	1.0	0	0.00010023555355084449	reverse_linear	True	False	True	P I	Payload[1-2864](-) ITR-FLIP[22-164](+) ITR-FLIP[21-165](+)
truncated_left	1.0	0	0.00010023555355084449	forward_linear	False	False	True	P I	Payload[1-2865](+) ITR-FLIP[21-165](-)
truncated_left	1.0	0	0.00010023555355084449	reverse_linear	False	False	True	P I	Payload[1-2864](-) ITR-FLIP[22-162](+)
truncated_left	0.5	0	5.0117776775422245e-05	reverse_linear	False	False	True	P I	Payload[5-2864](-) ITR-FLIP[22-165](+)
truncated_left	0.5	0	5.0117776775422245e-05	forward_linear	False	False	True	P I	Payload[4-2865](+) ITR-FLIP[21-165](-)
truncated_left	0.5	0	5.0117776775422245e-05	forward_linear	True	False	True	P I	Payload[5-2865](+) ITR-FLIP[21-165](-) ITR-FLIP[21-165](-)
truncated_left	0.5	0	5.0117776775422245e-05	forward_linear	True	False	True	P I	Payload[1-2865](+) ITR-FLIP[23-165](-) ITR-FLIP[21-165](-)
truncated_left	0.5	0	5.0117776775422245e-05	reverse_linear	True	False	True	P I	Payload[4-2864](-) ITR-FLIP[22-165](+) ITR-FLIP[21-165](+)
truncated_left	0.5	0	5.0117776775422245e-05	forward_linear	True	False	True	P I	Payload[1-2865](+) ITR-FLIP[22-165](-) ITR-FLIP[21-165](-)
truncated_left	0.5	0	5.0117776775422245e-05	forward_linear	False	False	True	P I	Payload[5-2865](+) ITR-FLIP[21-161](-)
truncated_left	0.5	0	5.0117776775422245e-05	forward_linear	False	False	True	P I	Payload[1-2865](+) ITR-FLIP[21-165](-)
truncated_left	0.5	0	5.0117776775422245e-05	forward_linear	False	False	True	P I	Payload[5-2865](+) ITR-FLIP[18-165](-)
truncated_left	0.5	0	5.0117776775422245e-05	forward_linear	False	False	True	P I	Payload[1-2865](+) ITR-FLIP[21-165](-)
truncated_left	0.5	0	5.0117776775422245e-05	forward_linear	False	False	True	P I	Payload[2-2865](+) ITR-FLIP[21-165](-)
truncated_left	0.5	0	5.0117776775422245e-05	forward_linear	False	False	True	P I	Payload[1-2865](+) ITR-FLIP[21-165](-)
truncated_left	0.5	0	5.0117776775422245e-05	reverse_linear	False	False	True	P I	Payload[2-2864](-) ITR-FLIP[22-165](+)
truncated_left	0.5	0	5.0117776775422245e-05	forward_linear	False	False	True	P I	Payload[1-2865](+) ITR-FLIP[21-165](-)
truncated_left	0.5	0	5.0117776775422245e-05	forward_linear	False	False	True	P I	Payload[1-2865](+) ITR-FLIP[21-165](-)
truncated_left	0.5	0	5.0117776775422245e-05	forward_linear	False	False	True	P I	Payload[1-2865](+) ITR-FLIP[23-165](-)
truncated_left	0.5	0	5.0117776775422245e-05	forward_linear	False	False	True	P I	Payload[1-2865](+) ITR-FLIP[21-165](-)
truncated_left	0.5	0	5.0117776775422245e-05	forward_linear	True	False	True	P I	Payload[5-2865](+) ITR-FLIP[24-165](-) ITR-FLIP[21-165](-)
truncated_left	0.5	0	5.0117776775422245e-05	forward_linear	True	False	True	P I	Payload[1-2865](+) ITR-FLIP[21-165](-) ITR-FLIP[21-165](-)
truncated_left	0.5	0	5.0117776775422245e-05	forward_linear	True	False	True	P I	Payload[5-2865](+) ITR-FLIP[20-165](-) ITR-FLIP[21-165](-)
truncated_left	0.5	0	5.0117776775422245e-05	forward_linear	True	False	True	P I	Payload[1-2865](+) ITR-FLIP[21-165](-) ITR-FLIP[21-165](-)
truncated_left	0.5	0	5.0117776775422245e-05	forward_linear	True	False	True	P I	Payload[5-2865](+) ITR-FLIP[18-165](-) ITR-FLIP[21-165](-)
truncated_left	0.5	0	5.0117776775422245e-05	forward_linear	True	False	True	P I	Payload[1-2865](+) ITR-FLIP[21-165](-) ITR-FLIP[21-165](-)
truncated_left	0.5	0	5.0117776775422245e-05	reverse_linear	True	False	True	P I	Payload[5-2864](-) ITR-FLIP[23-165](+) ITR-FLIP[21-165](+)
truncated_left	0.5	0	5.0117776775422245e-05	forward_linear	True	False	True	P I	Payload[1-2865](+) ITR-FLIP[21-165](-) ITR-FLIP[21-165](-)
truncated_left	0.5	0	5.0117776775422245e-05	forward_linear	True	False	True	P I	Payload[4-2865](+) ITR-FLIP[21-165](-) ITR-FLIP[18-165](-)
truncated_left	0.5	0	5.0117776775422245e-05	forward_linear	True	False	True	P I	Payload[1-2865](+) ITR-FLIP[21-165](-) ITR-FLIP[21-165](-)
truncated_left	0.5	0	5.0117776775422245e-05	forward_linear	True	False	True	P I	Payload[4-2865](+) ITR-FLIP[21-162](-) ITR-FLIP[21-165](-)
truncated_left	0.5	0	5.0117776775422245e-05	forward_linear	True	False	True	P I	Payload[1-2865](+) ITR-FLIP[21-165](-) ITR-FLIP[21-165](-)
truncated_left	0.5	0	5.0117776775422245e-05	reverse_linear	True	False	True	P I	Payload[2-2864](-) ITR-FLIP[22-165](+) ITR-FLIP[21-165](+)
truncated_left	0.5	0	5.0117776775422245e-05	forward_linear	True	False	True	P I	Payload[1-2865](+) ITR-FLIP[21-165](-) ITR-FLIP[21-165](-)
truncated_left	0.5	0	5.0117776775422245e-05	forward_linear	True	False	True	P I	Payload[1-2865](+) ITR-FLIP[23-165](-) ITR-FLIP[21-165](-)
truncated_left	0.5	0	5.0117776775422245e-05	forward_linear	True	False	True	P I	Payload[1-2865](+) ITR-FLIP[21-165](-) ITR-FLIP[21-165](-)
truncated_left	0.5	0	5.0117776775422245e-05	forward_linear	True	False	True	P I	Payload[1-2865](+) ITR-FLIP[23-165](-) ITR-FLIP[20-165](-)
truncated_left	0.5	0	5.0117776775422245e-05	forward_linear	True	False	True	P I	Payload[1-2865](+) ITR-FLIP[21-165](-) ITR-FLIP[21-165](-)
truncated_left	0.5	0	5.0117776775422245e-05	forward_linear	True	False	True	P I	Payload[1-2865](+) ITR-FLIP[21-165](-) ITR-FLIP[22-165](-)
truncated_left	0.5	0	5.0117776775422245e-05	forward_linear	True	False	True	P I	Payload[1-2865](+) ITR-FLIP[21-165](-) ITR-FLIP[21-165](-)
truncated_left	0.5	0	5.0117776775422245e-05	forward_linear	True	False	True	P I	Payload[1-2865](+) ITR-FLIP[21-165](-) ITR-FLIP[21-163](-)
truncated_left	0.5	0	5.0117776775422245e-05	forward_linear	True	False	True	P I	Payload[1-2865](+) ITR-FLIP[21-165](-) ITR-FLIP[20-165](-)
truncated_left	0.5	0	5.0117776775422245e-05	forward_linear	True	False	True	P I	Payload[1-2865](+) ITR-FLIP[21-165](-) ITR-FLIP[21-165](-)
truncated_left	0.5	0	5.0117776775422245e-05	forward_linear	True	False	True	P I	Payload[1-2865](+) ITR-FLIP[21-165](-) ITR-FLIP[19-165](-)
truncated_left	0.5	0	5.0117776775422245e-05	forward_linear	True	False	True	P I	Payload[1-2865](+) ITR-FLIP[21-165](-) ITR-FLIP[21-164](-)
truncated_left	0.5	0	5.0117776775422245e-05	forward_linear	True	False	True	P I	Payload[1-2865](+) ITR-FLIP[21-165](-) ITR-FLIP[19-165](-)
truncated_left	0.5	0	5.0117776775422245e-05	forward_linear	False	False	True	P I	Payload[1-2865](+) ITR-FLIP[21-165](-)
truncated_left	0.5	0	5.0117776775422245e-05	forward_linear	False	False	True	P I	Payload[1-2865](+) ITR-FLIP[21-164](-)
truncated_left	0.5	0	5.0117776775422245e-05	forward_linear	False	False	True	P I	Payload[1-2865](+) ITR-FLIP[21-165](-)
truncated_left	0.5	0	5.0117776775422245e-05	forward_linear	False	False	True	P I	Payload[1-2865](+) ITR-FLIP[21-163](-)
truncated_left	0.5	0	5.0117776775422245e-05	forward_linear	False	False	True	P I	Payload[1-2865](+) ITR-FLIP[21-165](-)
truncated_left	0.5	0	5.0117776775422245e-05	forward_linear	False	False	True	P I	Payload[1-2865](+) ITR-FLIP[21-162](-)
truncated_left	0.5	0	5.0117776775422245e-05	forward_linear	True	False	True	P I	Payload[1-2865](+) ITR-FLIP[21-165](-) ITR-FLIP[21-165](-)
truncated_left	0.5	0	5.0117776775422245e-05	forward_linear	True	False	True	P I	Payload[1-2865](+) ITR-FLIP[21-162](-) ITR-FLIP[21-165](-)
truncated_left	0.5	0	5.0117776775422245e-05	forward_linear	False	False	True	P I	Payload[5-2865](+) ITR-FLIP[21-165](-)
truncated_left	0.5	0	5.0117776775422245e-05	forward_linear	False	False	True	P I	Payload[1-2865](+) ITR-FLIP[20-165](-)
truncated_left	0.5	0	5.0117776775422245e-05	forward_linear	False	False	True	P I	Payload[2-2865](+) ITR-FLIP[21-165](-)
truncated_left	0.5	0	5.0117776775422245e-05	forward_linear	False	False	True	P I	Payload[1-2865](+) ITR-FLIP[20-165](-)
truncated_left	0.5	0	5.0117776775422245e-05	forward_linear	True	False	True	P I	Payload[1-2865](+) ITR-FLIP[21-165](-) ITR-FLIP[21-164](-)
truncated_left	0.5	0	5.0117776775422245e-05	forward_linear	True	False	True	P I	Payload[1-2865](+) ITR-FLIP[20-165](-) ITR-FLIP[21-165](-)
truncated_left	0.5	0	5.0117776775422245e-05	forward_linear	True	False	True	P I	Payload[1-2865](+) ITR-FLIP[21-163](-) ITR-FLIP[21-165](-)
truncated_left	0.5	0	5.0117776775422245e-05	forward_linear	True	False	True	P I	Payload[1-2865](+) ITR-FLIP[20-165](-) ITR-FLIP[21-165](-)
truncated_left	0.5	0	5.0117776775422245e-05	forward_linear	True	False	True	P I	Payload[5-2865](+) ITR-FLIP[21-165](-) ITR-FLIP[21-165](-)
truncated_left	0.5	0	5.0117776775422245e-05	forward_linear	True	False	True	P I	Payload[1-2865](+) ITR-FLIP[18-165](-) ITR-FLIP[21-165](-)
truncated_left	0.5	0	5.0117776775422245e-05	forward_linear	True	False	True	P I	Payload[1-2865](+) ITR-FLIP[21-165](-) ITR-FLIP[21-165](-)
truncated_left	0.5	0	5.0117776775422245e-05	forward_linear	True	False	True	P I	Payload[1-2865](+) ITR-FLIP[17-165](-) ITR-FLIP[21-165](-)
truncated_left	0.5	0	5.0117776775422245e-05	forward_linear	False	False	True	P I	Payload[2-2865](+) ITR-FLIP[21-165](-)
truncated_left	0.5	0	5.0117776775422245e-05	forward_linear	False	False	True	P I	Payload[1-2865](+) ITR-FLIP[16-165](-)
truncated_left	0.5	0	5.0117776775422245e-05	forward_linear	True	False	True	P I	Payload[1-2865](+) ITR-FLIP[21-165](-) ITR-FLIP[21-165](-)
truncated_left	0.5	0	5.0117776775422245e-05	forward_linear	True	False	True	P I	Payload[1-2865](+) ITR-FLIP[16-165](-) ITR-FLIP[21-165](-)
truncated_left	0.5	0	5.0117776775422245e-05	forward_linear	True	False	True	P I	Payload[1-2865](+) ITR-FLIP[21-165](-) ITR-FLIP[21-165](-)
truncated_left	0.5	0	5.0117776775422245e-05	reverse_linear	True	False	True	P I	Payload[1-2864](-) ITR-FLIP[26-165](+) ITR-FLIP[21-165](+)
truncated_left	0.5	0	5.0117776775422245e-05	forward_linear	True	False	True	P I	Payload[4-2865](+) ITR-FLIP[21-165](-) ITR-FLIP[21-165](-)
truncated_left	0.5	0	5.0117776775422245e-05	reverse_linear	True	False	True	P I	Payload[1-2864](-) ITR-FLIP[25-165](+) ITR-FLIP[21-165](+)
truncated_left	0.5	0	5.0117776775422245e-05	forward_linear	True	False	True	P I	Payload[1-2865](+) ITR-FLIP[21-165](-) ITR-FLIP[21-165](-)
truncated_left	0.5	0	5.0117776775422245e-05	reverse_linear	True	False	True	P I	Payload[1-2864](-) ITR-FLIP[25-165](+) ITR-FLIP[21-165](+)
truncated_left	0.5	0	5.0117776775422245e-05	forward_linear	True	False	True	P I	Payload[1-2865](+) ITR-FLIP[21-165](-) ITR-FLIP[21-165](-)
truncated_left	0.5	0	5.0117776775422245e-05	reverse_linear	True	False	True	P I	Payload[1-2864](-) ITR-FLIP[24-165](+) ITR-FLIP[21-165](+)
truncated_left	0.5	0	5.0117776775422245e-05	forward_linear	False	False	True	P I	Payload[4-2865](+) ITR-FLIP[21-162](-)
truncated_left	0.5	0	5.0117776775422245e-05	reverse_linear	False	False	True	P I	Payload[1-2864](-) ITR-FLIP[22-165](+)
truncated_left	0.5	0	5.0117776775422245e-05	forward_linear	False	False	True	P I	Payload[1-2865](+) ITR-FLIP[21-164](-)
truncated_left	0.5	0	5.0117776775422245e-05	reverse_linear	False	False	True	P I	Payload[1-2864](-) ITR-FLIP[22-165](+)
truncated_left	0.5	0	5.0117776775422245e-05	forward_linear	True	False	True	P I	Payload[1-2865](+) ITR-FLIP[21-165](-) ITR-FLIP[21-165](-)
truncated_left	0.5	0	5.0117776775422245e-05	reverse_linear	True	False	True	P I	Payload[1-2864](-) ITR-FLIP[22-165](+) ITR-FLIP[24-165](+)
truncated_left	0.5	0	5.0117776775422245e-05	forward_linear	True	False	True	P I	Payload[1-2865](+) ITR-FLIP[23-165](-) ITR-FLIP[21-165](-)
truncated_left	0.5	0	5.0117776775422245e-05	reverse_linear	True	False	True	P I	Payload[1-2864](-) ITR-FLIP[22-165](+) ITR-FLIP[21-165](+)
truncated_left	0.5	0	5.0117776775422245e-05	forward_linear	True	False	True	P I	Payload[1-2865](+) ITR-FLIP[21-165](-) ITR-FLIP[25-165](-)
truncated_left	0.5	0	5.0117776775422245e-05	reverse_linear	True	False	True	P I	Payload[1-2864](-) ITR-FLIP[22-165](+) ITR-FLIP[21-165](+)
truncated_left	0.5	0	5.0117776775422245e-05	forward_linear	True	False	True	P I	Payload[1-2865](+) ITR-FLIP[21-165](-) ITR-FLIP[23-165](-)
truncated_left	0.5	0	5.0117776775422245e-05	reverse_linear	True	False	True	P I	Payload[1-2864](-) ITR-FLIP[22-165](+) ITR-FLIP[21-165](+)
truncated_left	0.5	0	5.0117776775422245e-05	forward_linear	True	False	True	P I	Payload[1-2865](+) ITR-FLIP[21-165](-) ITR-FLIP[21-164](-)
truncated_left	0.5	0	5.0117776775422245e-05	reverse_linear	True	False	True	P I	Payload[1-2864](-) ITR-FLIP[22-165](+) ITR-FLIP[21-165](+)
truncated_left	0.5	0	5.0117776775422245e-05	forward_linear	True	False	True	P I	Payload[1-2865](+) ITR-FLIP[21-164](-) ITR-FLIP[21-165](-)
truncated_left	0.5	0	5.0117776775422245e-05	reverse_linear	True	False	True	P I	Payload[1-2864](-) ITR-FLIP[22-165](+) ITR-FLIP[21-165](+)
truncated_left	0.5	0	5.0117776775422245e-05	forward_linear	True	False	True	P I	Payload[1-2865](+) ITR-FLIP[21-162](-) ITR-FLIP[21-165](-)
truncated_left	0.5	0	5.0117776775422245e-05	reverse_linear	True	False	True	P I	Payload[1-2864](-) ITR-FLIP[22-165](+) ITR-FLIP[21-165](+)
truncated_left	0.5	0	5.0117776775422245e-05	forward_linear	True	False	True	P I	Payload[5-2865](+) ITR-FLIP[21-165](-) ITR-FLIP[21-165](-)
truncated_left	0.5	0	5.0117776775422245e-05	reverse_linear	True	False	True	P I	Payload[1-2864](-) ITR-FLIP[22-165](+) ITR-FLIP[21-164](+)
truncated_left	0.5	0	5.0117776775422245e-05	forward_linear	True	False	True	P I	Payload[1-2865](+) ITR-FLIP[21-165](-) ITR-FLIP[22-165](-)
truncated_left	0.5	0	5.0117776775422245e-05	reverse_linear	True	False	True	P I	Payload[1-2864](-) ITR-FLIP[22-165](+) ITR-FLIP[21-163](+)
truncated_left	0.5	0	5.0117776775422245e-05	forward_linear	True	False	True	P I	Payload[1-2865](+) ITR-FLIP[21-165](-) ITR-FLIP[21-165](-)
truncated_left	0.5	0	5.0117776775422245e-05	reverse_linear	True	False	True	P I	Payload[1-2864](-) ITR-FLIP[22-165](+) ITR-FLIP[21-163](+)
truncated_left	0.5	0	5.0117776775422245e-05	forward_linear	True	False	True	P I	Payload[1-2865](+) ITR-FLIP[21-165](-) ITR-FLIP[21-165](-)
truncated_left	0.5	0	5.0117776775422245e-05	reverse_linear	True	False	True	P I	Payload[1-2864](-) ITR-FLIP[22-165](+) ITR-FLIP[21-162](+)
truncated_left	0.5	0	5.0117776775422245e-05	forward_linear	False	False	True	P I	Payload[1-2865](+) ITR-FLIP[21-165](-)
truncated_left	0.5	0	5.0117776775422245e-05	reverse_linear	False	False	True	P I	Payload[1-2864](-) ITR-FLIP[22-161](+)
truncated_left	0.5	0	5.0117776775422245e-05	forward_linear	False	False	True	P I	Payload[1-2865](+) ITR-FLIP[21-165](-)
truncated_left	0.5	0	5.0117776775422245e-05	reverse_linear	False	False	True	P I	Payload[1-2860](-) ITR-FLIP[22-165](+)


Subclassification	Sequences	Proportion of Sample	Tile Patterns	Proportion with a Full Payload
other	23.5	0.00235	24	0.0
Subclassification	Sequence Count	Repeats	Proportion of other	Linearity	Contains Irregular ITRs	Contains PolyX	Contains a Full Payload	Tokenized	Tile Pattern
other	1.0	0	0.0425531914893617	forward_linear	True	True	False	P P I	Payload[1-958](+) polyG[112-None](+) Payload[956-2865](+) ITR-FLIP[21-165](-) ITR-FLIP[21-165](-)
other	1.0	0	0.0425531914893617	forward_linear	False	True	False	P P I	Payload[1-906](+) polyT[63-None](+) Payload[902-2865](+) ITR-FLIP[21-165](-)
other	1.0	0	0.0425531914893617	forward_linear	True	True	False	P P I	Payload[1-877](+) polyT[68-None](+) Payload[875-2865](+) ITR-FLIP[21-165](-) ITR-FLIP[21-165](-)
other	1.0	0	0.0425531914893617	forward_linear	True	True	False	P P I	Payload[1-787](+) polyC[190-None](+) Payload[784-2865](+) ITR-FLIP[23-165](-) ITR-FLIP[21-165](-)
other	1.0	0	0.0425531914893617	forward_linear	True	True	False	P P I	Payload[1-707](+) polyG[211-None](+) Payload[706-2865](+) ITR-FLIP[21-165](-) ITR-FLIP[21-165](-)
other	1.0	0	0.0425531914893617	forward_linear	False	True	False	P P I	Payload[1-64](+) polyC[875-None](+) Payload[62-2865](+) ITR-FLIP[21-165](-)
other	1.0	0	0.0425531914893617	forward_linear	True	True	False	P P I	Payload[1-497](+) polyG[125-None](+) Payload[486-2865](+) ITR-FLIP[21-165](-) ITR-FLIP[21-165](-)
other	1.0	0	0.0425531914893617	forward_linear	False	True	False	P P I	Payload[1-2652](+) polyT[252-None](+) Payload[2651-2865](+) ITR-FLIP[21-165](-)
other	1.0	0	0.0425531914893617	forward_linear	False	True	False	P P I	Payload[1-2421](+) polyA[102-None](+) Payload[2413-2865](+) ITR-FLIP[21-165](-)
other	1.0	0	0.0425531914893617	forward_linear	False	True	False	P P I	Payload[1-2376](+) polyT[79-None](+) Payload[2368-2865](+) ITR-FLIP[21-165](-)
other	1.0	0	0.0425531914893617	forward_linear	False	True	False	P P I	Payload[1-2240](+) polyT[274-None](+) Payload[2238-2865](+) ITR-FLIP[21-165](-)
other	1.0	0	0.0425531914893617	forward_linear	False	True	False	P P I	Payload[1-2201](+) polyT[78-None](+) Payload[2197-2865](+) ITR-FLIP[21-165](-)
other	1.0	0	0.0425531914893617	forward_linear	False	True	False	P P I	Payload[1-2182](+) polyA[58-None](+) Payload[2177-2865](+) ITR-FLIP[21-165](-)
other	1.0	0	0.0425531914893617	forward_linear	True	True	False	P P I	Payload[1-1958](+) polyT[86-None](+) Payload[1949-2865](+) ITR-FLIP[21-165](-) ITR-FLIP[21-165](-)
other	1.0	0	0.0425531914893617	forward_linear	True	False	False	P P I	Payload[1-1835](+) Payload[1986-2865](+) ITR-FLIP[21-165](-) ITR-FLIP[21-165](-)
other	1.0	0	0.0425531914893617	forward_linear	False	True	False	P P I	Payload[1-1805](+) polyG[75-None](+) Payload[1804-2865](+) ITR-FLIP[21-165](-)
other	1.0	0	0.0425531914893617	forward_linear	False	True	False	P P I	Payload[1-1801](+) polyT[56-None](+) Payload[1799-2865](+) ITR-FLIP[21-165](-)
other	1.0	0	0.0425531914893617	forward_linear	True	True	False	P P I	Payload[1-1577](+) polyA[190-None](+) Payload[1574-2865](+) ITR-FLIP[21-165](-) ITR-FLIP[21-165](-)
other	1.0	0	0.0425531914893617	forward_linear	True	True	False	P P I	Payload[1-1421](+) polyT[57-None](+) Payload[1419-2865](+) ITR-FLIP[21-165](-) ITR-FLIP[21-165](-)
other	1.0	0	0.0425531914893617	forward_linear	False	True	False	P P I	Payload[1-139](+) polyC[574-None](+) Payload[138-2865](+) ITR-FLIP[21-165](-)
other	1.0	0	0.0425531914893617	forward_linear	True	True	False	P P I	Payload[1-1210](+) polyC[66-None](+) Payload[1208-2865](+) ITR-FLIP[21-165](-) ITR-FLIP[21-165](-)
other	1.0	0	0.0425531914893617	forward_linear	False	True	False	P P I	Payload[1-1166](+) polyG[213-None](+) Payload[1165-2865](+) ITR-FLIP[22-165](-)
other	1.0	0	0.0425531914893617	forward_linear	True	True	False	P P I	Payload[1-1014](+) polyC[81-None](+) Payload[1012-2865](+) ITR-FLIP[21-165](-) ITR-FLIP[21-165](-)
other	0.5	0	0.02127659574468085	forward_linear	False	True	False	P P I	Payload[1-829](+) polyG[87-None](+) Payload[826-2865](+) ITR-FLIP[21-165](-)